	 0	 1	 2	 3	 4	 5	 6	 7	 8	 9	 10	 11	 12	 13	 14	 15	 16	 17	 18	 19	 20	 21	 22	 23	 24	 25	 26	 27	 28	 29	 30	 31	 32	 33	 34	 35	 36	 37	 38	 39	 40	 41	 42	 43	 44	 45	 46	 47	 48	 49	 50	 51	 52	 53	 54	 55	 56	 57	 58	 59	 60	 61	 62	 63	 64	 65	 66	 67	 68	 69	 70	 71	 72	 73	 74	 75	 76	 77	 78	 79	 80	 81	 82	 83	 84	 85	 86	 87	 88	 89	 90	 91	 92	 93	 94	 95	 96	 97	 98	 99	 100	 101	 102	 103	 104	 105	 106	 107	 108	 109	 110	 111	 112	 113	 114	 115	 116	 117	 118	 119	 120	 121	 122	 123	 124	 125	 126	 127	 128	 129	 130	 131	 132	 133	 134	 135	 136	 137	 138	 139	 140	 141	 142	 143	 144	 145	 146	 147	 148	 149	 150	 151	 152	 153	 154	 155	 156	 157	 158	 159	 160	 161	 162	 163	 164	 165	 166	 167	 168	 169	 170	 171	 172	 173	 174	 175	 176	 177	 178	 179	 180	 181	 182	 183	 184	 185	 186	 187	 188	 189	 190	 191	 192	 193	 194	 195	 196	 197	 198	 199	 200	 201	 202	 203	 204	 205	 206	 207	 208	 209	 210	 211	 212	 213	 214	 215	 216	 217	 218	 219	 220	 221	 222	 223	 224	 225	 226	 227	 228	 229	 230	 231	 232	 233	 234	 235	 236	 237	 238	 239	 240	 241	 242	 243	 244	 245	 246	 247	 248	 249	 250	 251	 252	 253	 254	 255	 256	 257	 258	 259	 260	 261	 262	 263	 264	 265	 266	 267	 268	 269	 270	 271	 272	 273	 274	 275	 276	 277	 278	 279	 280	 281	 282	 283
16807	 7.335	 6.498	 6.066	 6.231	 8.087	 6.179	 6.888	 8.242	 5.634	 5.749	 6.446	 6.647	 6.393	 5.954	 5.303	 6.354	 6.206	 4.584	 7.142	 6.143	 4.666	 7.855	 6.717	 7.898	 6.906	 6.271	 8.797	 6.363	 6.295	 6.406	 6.504	 6.517	 7.095	 9.034	 7.613	 6.767	 5.297	 5.941	 7.064	 6.372	 5.239	 5.857	 4.797	 4.913	 5.124	 6.39	 5.367	 7.161	 4.866	 5.062	 5.624	 5.879	 7.921	 6.411	 5.94	 6.058	 6.181	 5.527	 7.675	 5.634	 6.104	 5.504	 5.113	 7.531	 5.605	 6.9	 5.827	 5.558	 6.636	 7.848	 6.558	 7.844	 7.649	 6.488	 6.114	 7.324	 6.416	 7.601	 7.222	 5.645	 6.191	 5.424	 5.791	 5.777	 6.637	 5.99	 7.587	 6.095	 6.953	 6.137	 5.476	 5.281	 6.276	 6.7	 7.388	 7.385	 8.104	 5.728	 5.634	 6.399	 6.017	 6.428	 7.275	 5.857	 5.365	 5.323	 7.147	 5.425	 7.075	 6.569	 5.622	 4.845	 6.843	 6.568	 6.993	 4.577	 8.246	 5.681	 5.39	 6.053	 6.243	 6.661	 7.055	 4.59	 6.136	 6.234	 5.964	 6.264	 4.98	 5.642	 5.766	 5.359	 7.55	 6.709	 7.794	 6.136	 5.622	 6.563	 4.958	 6.106	 6.579	 6.233	 5.978	 5.97	 4.537	 6.002	 3.957	 5.802	 6.584	 6.317	 6.123	 7.222	 7.193	 5.547	 6.305	 6.551	 6.137	 6.261	 5.45	 7.021	 6.017	 6.223	 5.729	 6.658	 8.217	 5.269	 5.704	 7.428	 6.453	 5.662	 7.578	 6.58	 6.769	 4.825	 6.282	 4.296	 6.886	 5.118	 6.407	 6.775	 5.44	 8.016	 5.272	 4.516	 6.272	 5.208	 5.911	 4.106	 7.478	 6.29	 6.887	 5.862	 6.376	 5.813	 4.983	 6.905	 6.37	 5.77	 7.072	 5.454	 6.067	 5.008	 5.148	 4.834	 5.863	 5.997	 7.058	 5.868	 6.342	 6.197	 5.045	 5.249	 5.558	 6.284	 5.453	 6.654	 5.474	 6.714	 6.732	 6.563	 5.442	 5.277	 8.31	 4.697	 7.314	 6.09	 7.133	 6.826	 4.352	 6.476	 5.916	 7.152	 5.925	 8.214	 5.963	 6.646	 6.764	 6.659	 6.84	 5.789	 6.625	 6.028	 6.095	 6.583	 4.217	 5.782	 5.318	 5.487	 4.858	 6.439	 7.406	 6.03	 7.555	 6.081	 6.231	 5.446	 6.957	 5.707	 7.021	 7.141	 5.812	 6.688	 6.969	 7.627	 6.45	 6.033	 6.022	 4.933	 6.801	 5.381	 5.783	 8.885	 5.836	 6.237	 8.3	 5.59	 5.877	 6.768	 5.527	 6.095	 6.361	 4.323	 6.953	 7.335
282475249	 5.015	 7.252	 5.799	 5.431	 7.609	 6.24	 6.372	 8.261	 5.634	 6.742	 7.594	 5.981	 6.581	 6.327	 4.821	 6.357	 6.301	 5.96	 6.967	 6.208	 6.453	 6.996	 6.046	 7.907	 6.414	 5.897	 7.013	 7.006	 6.33	 6.601	 6.803	 4.833	 6.868	 8.94	 5.844	 5.605	 5.295	 6.216	 6.298	 4.782	 7.038	 5.677	 5.469	 4.565	 5.327	 5.043	 5.914	 6.72	 4.628	 6.74	 6.046	 6.026	 5.694	 5.767	 7.4	 5.928	 4.982	 6.396	 7.175	 6.614	 6.491	 5.138	 6.894	 7.524	 6.915	 6.629	 6.768	 6.168	 7.892	 6.587	 6.574	 6.47	 6.868	 4.872	 6.938	 5.977	 6.145	 6.772	 6.184	 5.56	 6.951	 6.029	 6.487	 7.219	 7.637	 5.409	 5.65	 6.028	 4.672	 6.292	 6.533	 6.047	 5.421	 7.479	 7.829	 7.195	 6.255	 5.629	 5.206	 5.361	 6.83	 6.956	 6.087	 5.008	 5.684	 5.422	 5.901	 5.226	 6.344	 6.358	 6.003	 5.983	 6.919	 5.313	 7.147	 4.571	 6.69	 5.821	 6.102	 5.33	 4.986	 4.534	 6.665	 6.015	 5.414	 5.999	 5.938	 4.968	 4.291	 7	 5.49	 6.417	 7.385	 5.384	 6.48	 6.617	 6.625	 6.6	 4.659	 5.484	 6.387	 6.418	 5.767	 6.102	 5.864	 6.144	 4.405	 6.169	 7.565	 6.318	 5.551	 6.428	 6.436	 5.548	 7.403	 5.986	 5.985	 4.253	 4.536	 5.331	 5.22	 6.413	 5.971	 5.883	 7.396	 6.903	 7.885	 7.569	 6.249	 4.875	 8.473	 5.46	 6.608	 5.8	 4.987	 5.015	 6.37	 4.761	 6.629	 5.564	 6.937	 7.093	 6.058	 3.925	 4.563	 5.01	 4.071	 5.599	 7.047	 7.093	 6.295	 6.861	 6.833	 5.367	 5.351	 7.868	 6.444	 7.183	 4.834	 6.409	 6.008	 6.882	 5.641	 5.55	 5.759	 5.232	 6.589	 5.857	 6.03	 7.848	 5.014	 5.084	 7.951	 5.874	 6.629	 6.456	 6.314	 6.523	 6.86	 7.269	 4.878	 4.194	 7.171	 6.39	 7.083	 7.295	 7.161	 5.888	 5.205	 4.853	 6.443	 5.026	 5.739	 6.518	 7.277	 6.648	 5.437	 5.515	 5.992	 5.288	 6.875	 5.367	 5.801	 4.065	 5.66	 5.98	 5.033	 4.297	 5.212	 5.87	 6.188	 6.253	 4.657	 6.21	 5.611	 4.813	 5.414	 5.65	 5.285	 6.52	 6.227	 4.95	 6.737	 7.212	 6.493	 6.217	 5.281	 7.306	 5.365	 6.391	 5.193	 7.634	 5.848	 6.09	 4.495	 6.446	 6.594	 6.457	 5.974	 5.819	 5.975	 5.947	 6.557	 6.574
1622650073	 6.641	 5.985	 4.598	 6.297	 6.77	 6.524	 6.864	 7.196	 7.121	 5.8	 6.056	 6.989	 5.981	 4.829	 4.678	 6.253	 5.122	 5.784	 8.533	 5.679	 5.569	 5.443	 6.125	 7.284	 6.15	 6.144	 7.379	 5.411	 5.87	 5.767	 6.362	 6.903	 7.674	 7.063	 6.996	 5.798	 5.794	 5.305	 7.487	 5.704	 6.148	 6.189	 5.122	 5.513	 4.587	 6.478	 5.988	 6.484	 5.524	 6.109	 5.918	 5.973	 6.756	 6.627	 7.232	 5.335	 4.562	 7.06	 7.01	 7.048	 4.602	 4.542	 5.801	 6.762	 6.174	 5.126	 6.685	 6.51	 8.409	 6.952	 6.132	 6.712	 6.856	 6.279	 7.82	 6.942	 5.801	 6.156	 8.454	 6.725	 7.144	 6.263	 5.44	 5.246	 6.417	 6.714	 5.322	 5.438	 6.635	 7.282	 4.536	 5.317	 7.333	 8.009	 7.5	 7.566	 8.059	 5.796	 5.957	 6.19	 6.16	 6.708	 5.488	 5.861	 5.189	 6.669	 6.204	 5.614	 5.363	 4.672	 7.599	 6.095	 6.881	 6.214	 6.876	 4.779	 7.33	 7.391	 5.753	 4.595	 4.998	 6.606	 6.424	 6.158	 5.095	 7.058	 7.082	 5.922	 4.962	 5.59	 5.581	 7.192	 6.057	 6.225	 6.319	 6.063	 6.092	 5.917	 4.88	 6.003	 5.563	 5.919	 5.222	 7.252	 5.282	 5.082	 4.062	 6.006	 5.223	 5.872	 6.86	 5.863	 6.752	 6.387	 6.772	 4.432	 4.804	 5.805	 5.568	 7.087	 5.85	 7.419	 5.765	 6.54	 6.405	 6.168	 7.173	 7.03	 5.435	 5.026	 7.678	 7.729	 7.473	 5.839	 7.912	 4.773	 8.016	 6.291	 6.315	 5.977	 5.473	 7.36	 5.958	 5.54	 5.061	 5.128	 4.662	 4.344	 7.548	 7.101	 5.889	 6.21	 5.616	 5.095	 6.289	 7.45	 5.75	 7.314	 6.603	 6.399	 5.859	 6.377	 5.114	 5.733	 4.631	 6.239	 5.689	 6.363	 7.212	 7.034	 5.684	 5.492	 5.71	 5.498	 6.22	 7.319	 6.073	 7.023	 7.342	 6.178	 5.439	 5.142	 7.548	 6.259	 7.792	 5.261	 6.817	 4.988	 4.915	 5.338	 5.96	 5.902	 5.678	 5.966	 7.198	 6.506	 6.356	 6.227	 7.42	 5.711	 6.244	 6.075	 7.291	 5.005	 5.374	 5.788	 4.912	 5.684	 5.969	 5.943	 6.252	 6.719	 5.337	 5.561	 6.928	 6.258	 6.075	 6.091	 6.03	 6.398	 5.586	 6.345	 5.561	 5.76	 6.295	 7.2	 5.613	 5.191	 5.814	 7.462	 6.002	 7.844	 6.618	 5.407	 6.582	 5.84	 7.763	 7.445	 6.007	 7.522	 6.922	 6.169	 7.068	 6.408
984943658	 7.432	 7.091	 5.031	 5.824	 6.415	 6.911	 7.176	 8.89	 6.088	 5.835	 5.982	 5.276	 6.519	 4.996	 4.834	 6.827	 5.245	 4.877	 5.176	 5.039	 5.674	 6.096	 6.392	 7.627	 7.204	 5.341	 7.377	 4.901	 6.699	 5.652	 7.791	 6.484	 4.967	 7.474	 4.973	 6.581	 5.547	 6.187	 6.473	 5.724	 5.449	 6.306	 4.841	 5.907	 5.658	 6.145	 5.349	 6.851	 4.885	 6.147	 5.419	 6.128	 6.327	 6.229	 5.484	 7.064	 6.1	 5.61	 6.69	 6.771	 5.035	 5.466	 6.25	 7.485	 5.603	 5.578	 6.714	 5.577	 8.555	 6.92	 5.604	 6.92	 4.95	 5.141	 6.225	 6.75	 6.472	 7.691	 6.883	 7.551	 7.514	 6.486	 5.838	 5.766	 7.264	 7.155	 5.036	 4.571	 6.749	 6.795	 4.952	 5.526	 6.986	 7.421	 7.543	 7.371	 5.276	 6.117	 5.765	 5.825	 5.376	 6.483	 5.662	 5.669	 5.913	 6.192	 6.337	 6.04	 5.658	 4.812	 6.405	 5.922	 7.253	 5.794	 7.113	 5.008	 6.691	 6.018	 5.833	 5.477	 6.459	 6.453	 6.925	 7.606	 4.795	 6.123	 5.95	 7.842	 5.566	 5.821	 6.099	 5.716	 4.662	 5.95	 7.016	 3.925	 5.807	 6.279	 4.272	 5.69	 5.624	 4.791	 6.038	 8.221	 4.788	 5.931	 5.226	 6.246	 5.312	 6.556	 6.185	 6.635	 6.235	 6.501	 5.873	 5.046	 5.565	 6.258	 4.705	 6.588	 6.186	 6.057	 6.403	 5.475	 6.393	 7.452	 5.932	 8.342	 6.365	 4.475	 6.133	 6.42	 7.243	 5.741	 6.754	 5.652	 6.945	 5.303	 4.987	 5.619	 6.806	 6.77	 5.571	 5.027	 5.698	 5.706	 5.9	 4.803	 7.871	 6.399	 6.168	 5.942	 5.889	 5.292	 7.181	 6.558	 6.728	 6.589	 6.908	 6.684	 6.434	 6.385	 5.544	 5.18	 5.401	 4.616	 7.132	 6.126	 5.705	 6.241	 4.946	 4.61	 5.738	 6.048	 5.346	 6.078	 5.61	 6.719	 5.899	 5.678	 6.053	 6.16	 5.9	 6.527	 7.463	 6.106	 7.242	 5.369	 5.137	 6.114	 6.665	 5.775	 6.441	 7.651	 5.982	 7.407	 6.901	 6.658	 7.496	 5.261	 7.392	 5.768	 6.277	 5.319	 4.858	 6.209	 6.517	 5.532	 5.393	 8.304	 5.956	 6.459	 5.857	 6.375	 7.368	 5.292	 5.601	 6.225	 7.134	 7.117	 5.456	 5.332	 6.847	 7.065	 6.607	 7.591	 4.532	 6.543	 5.491	 6.734	 5.222	 6.873	 6.903	 6.439	 7.297	 5.695	 8.159	 6.116	 5.74	 5.049	 6.29	 4.852	 7.517	 6.636
1144108930	 7.296	 6.837	 5.981	 5.428	 7.286	 6.781	 6.515	 8.281	 6.789	 6.798	 6.185	 4.817	 7.329	 5.472	 5.313	 6.709	 5.757	 5.833	 7.687	 6.858	 6.315	 5.85	 6.254	 6.113	 6.314	 6.088	 5.39	 6.114	 5.6	 4.693	 6.269	 4.736	 6.245	 8.16	 6.522	 6.532	 4.924	 5.484	 6.832	 5.441	 5.217	 6.305	 4.385	 6.374	 4.914	 4.887	 5.657	 7.1	 6.232	 6.156	 6.523	 6.169	 6.145	 4.592	 6.312	 5.955	 6.221	 7.273	 6.885	 6.539	 7.103	 5.073	 5.182	 7.945	 4.423	 5.87	 5.701	 5.746	 7.835	 7.273	 6.672	 6.868	 7.052	 4.942	 7.586	 6.149	 4.775	 6.311	 8.387	 6.101	 6.308	 6.349	 5.525	 5.908	 6.526	 8.158	 6.709	 5.774	 6.618	 6.147	 7.021	 6.428	 6.411	 7.495	 7.678	 6.587	 6.024	 6.379	 5.29	 7.366	 6.848	 6.436	 6.079	 5.713	 5.512	 5.817	 6.985	 5.373	 5.453	 6.707	 5.808	 6.504	 6.041	 7.077	 6.37	 4.412	 8.384	 6.122	 5.659	 7.013	 5.884	 5.473	 6.186	 6.112	 6.207	 6.787	 6.814	 6.887	 5.477	 4.679	 6.649	 7.496	 7.113	 4.848	 6.983	 6.395	 6.791	 7.322	 5.453	 5.009	 5.346	 6.608	 6.351	 6.674	 5.726	 4.983	 4.951	 5.766	 6.309	 5.736	 6.648	 6.283	 6.93	 5.19	 6.052	 7.75	 6.139	 6.126	 5.149	 5.283	 5.929	 7.652	 6.144	 5.302	 6.374	 4.675	 4.469	 6.705	 5.604	 6.501	 7.945	 6.424	 5.924	 4.571	 7.309	 5.336	 5.944	 4.786	 5.301	 7.178	 6.665	 7.155	 5.728	 4.778	 4.501	 5.48	 5.954	 4.238	 7.55	 5.237	 5.979	 6.494	 7.171	 5.253	 6.43	 7.509	 5.759	 5.772	 7.308	 6.497	 4.402	 5.895	 4.696	 5.591	 6.23	 4.657	 6.057	 6.56	 7.05	 5.614	 4.511	 5.464	 5.732	 5.956	 5.503	 6.074	 5.503	 7.318	 7.183	 7.371	 7.276	 5.012	 6.788	 5.694	 6.671	 5.477	 6.315	 7.242	 4.893	 6.416	 6.7	 7.048	 7.825	 7.395	 6.833	 7.206	 5.133	 4.416	 6.857	 6.235	 5.912	 5.681	 7.532	 4.55	 5.842	 5.665	 4.508	 4.85	 5.6	 5.428	 5.775	 6.182	 4.457	 5.981	 6.984	 5.376	 5.168	 4.807	 6.327	 5.769	 6.151	 5.899	 5.798	 5.986	 7.28	 6.485	 5.975	 6.813	 6.035	 6.602	 5.888	 7.82	 7.323	 7.182	 5.36	 6.506	 5.702	 6.715	 5.549	 5.901	 5.912	 4.747	 6.096	 7.372
470211272	 6.1	 7.118	 5.563	 5.861	 6.598	 6.453	 6.28	 6.935	 5.633	 6.924	 7.234	 5.455	 7.514	 5.065	 5.1	 6.933	 4.879	 5.926	 7.467	 6.182	 5.717	 6.488	 6.532	 6.984	 6.886	 6.631	 6.742	 6.134	 6.34	 7.041	 6.975	 6.156	 6.639	 6.815	 7.476	 6.597	 5.299	 6.01	 7.214	 5.699	 5.299	 5.134	 5.214	 5.155	 4.66	 5.443	 5.548	 6.859	 4.491	 5.92	 5.658	 6.199	 6.294	 5.226	 5.696	 5.948	 6.382	 6.865	 7.018	 6.781	 6.245	 4.956	 7.027	 6.026	 5.482	 7.275	 8.259	 5.369	 6.138	 5.754	 5.781	 7.999	 6.503	 6.17	 5.954	 5.44	 6.645	 6.857	 6.239	 7.112	 5.3	 6.033	 5.037	 5.382	 7.095	 7.53	 6.165	 4.522	 6.652	 5.743	 6.428	 6.044	 6.658	 6.903	 8.139	 5.834	 6.478	 5.47	 6.094	 7.153	 6.888	 5.665	 6.143	 5.618	 5.149	 5.331	 5.873	 6.041	 6.943	 5.195	 5.076	 6.315	 6.525	 5.364	 7.362	 4.567	 6.441	 6.637	 4.56	 5.005	 5.722	 5.76	 5.053	 6.594	 6.638	 6.045	 5.594	 4.793	 5.868	 5.017	 5.044	 5.975	 8.287	 6.417	 6.913	 6.445	 5.943	 6.74	 5.207	 4.786	 7.1	 5.586	 6.179	 6.163	 5.033	 5.551	 5.169	 4.75	 5.774	 6.614	 6.351	 4.433	 5.97	 6.259	 6.43	 7.044	 7.637	 6.62	 5.338	 6.338	 6.103	 6.819	 6.773	 5.605	 7.115	 5.317	 5.814	 5.907	 6.124	 5.091	 8.132	 5.794	 5.184	 5.301	 7.315	 4.515	 6.012	 5.631	 5.56	 6.064	 6.286	 6.797	 6.676	 5.282	 5.327	 5.274	 5.421	 5.965	 6.496	 5.886	 5.943	 6.406	 7.156	 4.975	 5.955	 6.456	 6.081	 6.489	 5.069	 5.397	 6.983	 6.845	 5.389	 5.862	 6.897	 6.266	 6.204	 6.476	 6.285	 6.296	 4.863	 7.124	 7.846	 5.615	 6.234	 5.352	 6.243	 6.15	 6.656	 4.467	 6.319	 5.04	 7.854	 5.981	 5.794	 6.309	 6.5	 4.629	 4.141	 5.508	 6.159	 6.423	 5.545	 7.329	 5.94	 6.492	 5.907	 6.215	 5.845	 5.957	 6.495	 6.933	 6.718	 5.001	 4.801	 6.101	 5.535	 4.827	 5.969	 6.856	 5.766	 6.687	 5.747	 6.068	 6.758	 5.826	 6.635	 7.113	 5.973	 6.869	 6.802	 4.59	 5.35	 6.764	 7.967	 7.52	 5.576	 6.305	 6.945	 7.381	 5.752	 7.706	 6.621	 7.267	 7.436	 7.048	 5.521	 7.187	 4.705	 5.232	 7.495	 5.101	 5.912	 7.011
101027544	 6.316	 5.91	 4.997	 6.729	 6.041	 7.152	 6.08	 5.922	 6.096	 4.985	 6.863	 6.718	 6.681	 5.644	 5.763	 6.389	 6.285	 6.469	 7.055	 6.005	 5.251	 6.827	 6.261	 7.963	 6.262	 7.536	 6.65	 6.648	 6.081	 6.081	 6.186	 5.266	 6.898	 7.713	 6.079	 5.942	 5.419	 5.263	 6.634	 6.506	 4.812	 5.381	 5.96	 6.418	 5.316	 5.982	 4.681	 6.561	 5.338	 5.099	 3.962	 7.164	 7.108	 6.038	 5.722	 5.077	 6.372	 7.068	 7.131	 6.817	 7.51	 4.472	 6.284	 7.481	 5.083	 5.54	 5.751	 6.293	 6.348	 7.52	 6.609	 6.595	 6.909	 6.4	 6.619	 6.323	 5.418	 6.941	 6.147	 6.432	 7.365	 4.943	 5.979	 5.067	 6.735	 8.242	 6.609	 6.654	 6.149	 6.028	 6.399	 5.526	 6.922	 8.809	 8.241	 7.464	 7.445	 5.656	 6.234	 8.277	 6.045	 5.621	 6.263	 5.869	 6.479	 5.154	 6.093	 5.624	 7.425	 5.808	 5.7	 6.422	 6.807	 5.948	 6.738	 4.573	 7.917	 5.886	 6.083	 6.611	 5.186	 5.539	 6.435	 7.26	 7.476	 5.306	 6.306	 6.393	 5.218	 5.08	 5.444	 6.498	 6.551	 5.244	 6.492	 5.369	 6.674	 5.3	 5.651	 5.41	 6.355	 4.808	 6.866	 6.444	 6.266	 5.423	 5.04	 6.16	 5.395	 6.653	 5.132	 5.459	 7.008	 5.352	 6.621	 6.773	 6.866	 6.055	 5.457	 6.543	 5.467	 5.739	 5.813	 4.958	 6.287	 5.368	 7.246	 6.518	 4.288	 6.442	 8.226	 6.421	 7.261	 5.608	 6.554	 4.808	 6.522	 5.07	 5.721	 6.398	 6.535	 9.698	 6.446	 5.242	 4.924	 4.744	 5.998	 5.405	 7.182	 6.068	 7.675	 5.779	 6.703	 5.3	 6.551	 6.759	 5.116	 6.964	 6.063	 5.799	 7.033	 6.243	 5.247	 4.964	 6.704	 6.816	 5.903	 6.502	 5.969	 5.762	 5.245	 6.746	 5.954	 5.483	 4.678	 6.097	 6.316	 6.116	 5.573	 5.502	 5.519	 5.022	 7.665	 6.923	 6.718	 6.283	 6.319	 6.995	 4.399	 6.596	 5.249	 5.899	 6.352	 8.474	 5.606	 6.845	 6.938	 4.593	 5.691	 6.388	 5.796	 6.916	 5.473	 5.478	 6.053	 6.168	 4.339	 4.887	 6.081	 6.971	 5.742	 5.856	 6.251	 6.635	 7.575	 5.635	 5.299	 6.871	 6.067	 7.125	 6.826	 5.247	 7.292	 7.422	 7.434	 6.124	 5.669	 5.625	 6.247	 5.409	 5.316	 7.401	 4.683	 6.61	 5.465	 7.274	 5.298	 5.995	 4.435	 5.795	 6.458	 6.077	 6.316	 6.45
1457850878	 7.621	 6.752	 5.115	 6.111	 7.217	 6.432	 6.139	 7.615	 4.655	 5.807	 5.805	 7.528	 5.625	 5.862	 5.778	 5.163	 6.822	 4.927	 6.987	 6.14	 5.151	 5.684	 7.087	 6.844	 7.856	 6.236	 7.576	 6.54	 6.046	 6.411	 6.626	 5.057	 7.922	 7.355	 5.74	 6.472	 4.857	 6.003	 5.776	 6.371	 5.145	 6.247	 5.728	 5.3	 4.997	 5.788	 5.869	 7.707	 6.432	 5.573	 4.907	 5.634	 6.069	 5.754	 6.034	 4.6	 6.057	 6.268	 6.344	 7.912	 7.64	 4.876	 5.792	 7.198	 5.392	 5.36	 5.977	 5.652	 6.438	 7.526	 4.357	 6.984	 6.68	 5.604	 7.181	 5.863	 6.791	 6.774	 7.399	 6.21	 6.482	 5.924	 6.353	 6.702	 6.131	 6.219	 6.365	 4.58	 6.846	 5.539	 6.489	 4.693	 7.16	 7.05	 6.873	 5.395	 5.452	 5.805	 5.961	 7.314	 7.638	 6.526	 5.822	 5.948	 5.394	 5.484	 6.409	 6.688	 6.619	 5.245	 6.571	 5.26	 5.57	 6.855	 7.025	 4.793	 7.055	 5.875	 4.414	 4.976	 4.827	 7.27	 6.384	 5.784	 5.423	 7.097	 5.706	 6.138	 5.84	 5.228	 4.534	 5.739	 7.077	 5.903	 6.34	 6.434	 6.685	 5.763	 4.727	 5.832	 5.954	 6.286	 6.508	 7.662	 5.914	 4.572	 5.21	 6.962	 6.971	 5.706	 7.037	 7.023	 5.98	 4.535	 6.634	 6.342	 5.517	 6.189	 5.538	 5.602	 6.513	 5.736	 6.325	 5.911	 6.875	 6.416	 6.13	 7.034	 6.691	 5.895	 6.703	 6.536	 5.837	 4.507	 7.412	 5.146	 7.2	 4.636	 6.177	 6.152	 6.702	 7.551	 5.446	 5.584	 5.643	 4.832	 4.45	 5.403	 7.336	 6.581	 7.088	 6.907	 6.419	 5.51	 5.537	 6.536	 5.923	 5.957	 6.044	 7.111	 5.247	 7.346	 3.778	 5.749	 6.38	 5.253	 5.319	 7.014	 6.617	 5.573	 4.102	 5.572	 5.92	 5.716	 6.77	 6.588	 5.567	 6.75	 5.33	 6.013	 6.756	 5.278	 6.022	 6.743	 7.253	 5.224	 6.449	 5.426	 4.745	 6.044	 5.363	 4.81	 6.28	 6.804	 6.061	 7.523	 6.037	 6.191	 5.994	 6.111	 6.161	 6.938	 7.256	 5.289	 5.181	 6.235	 5.553	 5.381	 5.29	 6.458	 6.786	 5.685	 5.469	 6.405	 5.885	 5.901	 6.067	 6.397	 6.291	 7.06	 5.789	 6.527	 5.631	 6.692	 6.647	 7.829	 6.027	 5.86	 5.989	 6.762	 5.374	 7.758	 5.887	 6.648	 6.427	 5.241	 5.501	 6.675	 6.361	 6.493	 5.488	 5.65	 6.756	 7.422
1458777923	 7.327	 6.607	 5.258	 6.308	 7.533	 6.467	 4.972	 7.528	 5.765	 5.048	 5.814	 6.938	 6.158	 7.405	 5.279	 6.297	 5.951	 5.885	 7.671	 6.813	 6.196	 6.983	 7.188	 6.965	 6.943	 7.095	 5.355	 5.217	 7.57	 5.983	 6.504	 6.683	 5.888	 6.96	 6.085	 6.257	 5.487	 5.231	 7.329	 6.628	 5.606	 5.276	 6.329	 5.338	 4.429	 5.219	 5.097	 6.395	 5.735	 6.265	 4.486	 5.428	 5.805	 5.577	 6.799	 4.768	 6.79	 6.596	 6.974	 7.407	 5.193	 4.852	 6.496	 8.367	 7.334	 7.373	 7.605	 6.569	 6.976	 9.069	 7.258	 6.971	 6.312	 6.394	 5.795	 5.945	 6.039	 6.8	 6.646	 7.296	 7.48	 5.661	 5.842	 6.492	 5.788	 7.031	 6.015	 6.142	 5.828	 7.049	 6.667	 5.965	 7.027	 7.462	 6.997	 5.977	 6.365	 6.284	 6.41	 7.224	 6.101	 5.092	 5.695	 4.609	 6.859	 5.314	 5.003	 5.19	 6.598	 6.015	 5.602	 5.494	 7.099	 6.615	 6.904	 4.505	 7.024	 7.032	 4.972	 5.943	 5.485	 5.05	 7.215	 7.342	 5.94	 5.079	 6.94	 5.595	 5.5	 5.661	 5.596	 6.138	 6.419	 6.025	 6.804	 7.231	 5.775	 6.621	 5.259	 5.646	 5.849	 6.74	 6.832	 7.66	 5.149	 5.016	 5.065	 6.305	 6.807	 6.776	 6.528	 5.819	 6.504	 6.037	 7.659	 8.821	 5.769	 5.888	 5.459	 6.177	 5.808	 7.313	 6.413	 5.563	 7.555	 5.974	 6.368	 8.272	 5.349	 5.651	 6.754	 6.204	 6.911	 4.821	 7.278	 4.913	 6.75	 5.65	 5.779	 6.126	 6.131	 8.081	 5.785	 4.528	 5.321	 5.142	 6.222	 4.834	 7.687	 6.316	 6.614	 5.598	 6.639	 5.895	 5.493	 7.203	 6.979	 7.168	 6.816	 5.869	 4.871	 5.946	 5.168	 6.462	 6.756	 7.053	 5.415	 6.88	 6.253	 6.567	 4.842	 5.252	 6.528	 6.424	 6.484	 6.96	 7.472	 6.836	 7.113	 6.895	 6.975	 5.814	 7.591	 7.024	 6.99	 6.371	 6.73	 6.246	 4.708	 5.443	 5.615	 5.777	 6.423	 7.765	 6.876	 7.585	 6.197	 6.213	 6.79	 5.005	 6.034	 5.939	 7.169	 6.48	 5.32	 6.236	 4.705	 4.812	 5.572	 6.787	 5.749	 6.465	 6.424	 6.091	 6.821	 5.393	 6.311	 5.735	 5.32	 7.498	 5.202	 6.79	 7.14	 5.772	 7.766	 6.188	 6.529	 6.307	 6.557	 5.962	 6.418	 7.061	 6.172	 6.447	 6.084	 6.471	 5.803	 7.804	 7.239	 6.536	 6.14	 5.709	 5.742	 5.554
2007237709	 5.213	 6.832	 5.546	 6.51	 6.098	 6.809	 5.926	 8.926	 6.111	 5.797	 5.58	 5.015	 6.225	 5.608	 4.63	 6.206	 6.578	 4.575	 7.559	 7.395	 5.876	 6.775	 6.827	 6.353	 6.407	 5.807	 6.87	 5.912	 6.344	 5.87	 7.491	 5.258	 6.848	 7.724	 4.819	 6.647	 4.89	 5.62	 5.696	 7.349	 5.158	 5.998	 6.233	 6.342	 4.91	 7.001	 5.63	 6.065	 4.58	 4.223	 5.139	 6.969	 6.721	 3.929	 6.303	 5.789	 5.772	 7.145	 5.332	 6.871	 6.476	 5.475	 6.119	 7.245	 6.927	 6.898	 5.209	 5.685	 5.208	 6.449	 6.844	 6.716	 6.552	 6.147	 6.088	 6.685	 5.321	 6.048	 6.3	 6.627	 6.877	 6.02	 4.935	 8.399	 5.941	 6.521	 7.182	 5.099	 5.265	 5.595	 6.786	 7.494	 8.103	 7.079	 7.269	 7.442	 6.847	 6.113	 6.044	 5.492	 4.876	 5.795	 6.719	 5.844	 5.542	 5.072	 6.518	 5.557	 7.417	 6.107	 5.629	 6.839	 7.056	 7.541	 7.584	 4.867	 8.053	 6.908	 6.669	 6.285	 5.432	 7.735	 6.502	 7.07	 5.334	 5.754	 5.995	 5.473	 5.846	 5.924	 5.432	 6.324	 6.313	 4.865	 7.207	 8.014	 6.884	 6.386	 5.648	 5.877	 6.358	 5.279	 5.907	 7.432	 5.276	 5.277	 4.2	 6.518	 5.447	 7.368	 5.924	 6.402	 6.936	 5.376	 6.648	 5.56	 6.362	 5.324	 5.816	 5.658	 6.142	 6.638	 5.844	 5.426	 6.233	 5.634	 6.575	 7.658	 5.337	 4.831	 7.93	 6.556	 6.73	 4.725	 5.806	 4.769	 5.515	 4.698	 4.614	 7.008	 5.73	 7.806	 5.737	 6.398	 5.365	 5.899	 4.814	 6.131	 6.554	 6.241	 5.247	 6.324	 6.996	 5.962	 6.155	 7.345	 5.81	 6.572	 6.082	 5.944	 5.483	 6.318	 5.621	 5.378	 6.726	 5.937	 4.994	 6.576	 6.721	 7.576	 4.227	 5.683	 5.754	 5.086	 6.814	 6.666	 6.399	 5.525	 6.351	 7.236	 4.617	 6.291	 7.502	 5.418	 7.109	 5.781	 8.03	 4.614	 5.019	 5.217	 6.157	 5.787	 6.753	 7.213	 4.888	 6.479	 5.285	 6.697	 7.801	 7.104	 5.989	 7.537	 7.273	 5.147	 4.548	 6.377	 5.867	 5.567	 6.022	 6.529	 6.714	 5.286	 6.323	 5.546	 6.474	 5.327	 5.625	 5.495	 6.97	 6.469	 6.217	 6.588	 5.925	 8.223	 6.237	 6.646	 6	 5.532	 5.201	 7	 4.836	 7.729	 6.864	 5.45	 6.571	 6.411	 7.165	 6.71	 5.214	 6.499	 5.931	 6.271	 6.915	 6.743
823564440	 5.074	 5.763	 4.609	 6.484	 7.798	 5.549	 6.754	 8.556	 6.921	 6.139	 7.049	 6.004	 6.981	 4.822	 5.306	 4.914	 5.322	 6.01	 7.76	 6.282	 6.624	 6.283	 6.768	 8.607	 6.299	 7.264	 6.24	 7.13	 6.786	 5.224	 7.355	 5.549	 5.699	 8.573	 6.61	 7.686	 5.55	 6.873	 5.864	 6.788	 4.709	 6.347	 6.733	 5.511	 5.653	 6.513	 6.147	 5.525	 5.206	 5.932	 5.092	 5.586	 6.165	 5.511	 6.836	 5.987	 6.424	 6.441	 7.195	 6.227	 8.053	 5.149	 6.132	 7.485	 5.189	 5.819	 5.792	 4.981	 7.131	 8.275	 7.171	 5.754	 6.692	 5.442	 7.047	 6.024	 6.909	 6.875	 7.874	 7.259	 7.096	 5.044	 4.85	 7.483	 6.069	 6.616	 6.401	 4.763	 6.41	 6.621	 6.723	 6.003	 6.093	 6.946	 7.572	 5.545	 7.773	 6.006	 5.104	 6.474	 6.811	 5.871	 5.55	 4.943	 6.642	 6.464	 7.135	 6.038	 4.775	 5.273	 5.523	 6.872	 6.954	 5.872	 5.89	 4.239	 7.857	 6.473	 5.577	 4.818	 4.954	 5.159	 5.493	 6.858	 6.098	 5.417	 6.751	 5.688	 4.448	 5.464	 6.857	 6.574	 7.46	 5.768	 6.855	 6.087	 7.215	 5.035	 5.897	 4.963	 5.529	 5.755	 7.403	 6.828	 4.258	 5.004	 5.003	 5.864	 5.571	 6.278	 6.331	 4.876	 7.773	 5.285	 5.544	 6.796	 6.186	 5.981	 6.115	 6.554	 6.592	 6.183	 5.946	 6.143	 7.182	 6.051	 6.669	 6.216	 6.368	 6.18	 8.013	 6.025	 5.733	 4.568	 6.264	 5.875	 5.597	 5.591	 4.451	 8.069	 6.013	 7.157	 5.427	 4.925	 5.438	 4.822	 5.993	 5.803	 5.196	 7.165	 6.884	 6.377	 6.647	 4.986	 5.645	 6.717	 7.901	 5.207	 7.424	 6.705	 6.883	 6.789	 5.111	 5.487	 6.754	 5.599	 6.574	 6.399	 6.567	 6.358	 4.793	 6.008	 5.673	 4.572	 5.816	 6.199	 6.09	 6.688	 7.217	 6.164	 3.996	 5.883	 8.362	 5.606	 5.997	 5.47	 5.625	 6.305	 4.018	 6.116	 7.25	 5.924	 6.012	 6.541	 6.242	 6.724	 6.5	 6.569	 6.718	 6.189	 5.561	 5.75	 6.872	 5.07	 4.291	 5.3	 5.305	 5.117	 5.222	 6.873	 5.988	 5.987	 4.886	 7.238	 7.971	 5.561	 5.664	 6.146	 5.404	 7.142	 6.27	 6.373	 6.921	 6.282	 6.408	 5.573	 6.695	 6.064	 6.188	 6.917	 6.009	 8.042	 6.851	 5.45	 5.72	 6.233	 6.951	 7.286	 5.326	 7.245	 5.622	 6.379	 6.557	 6.604
1115438165	 7.412	 6.601	 5.608	 5.875	 6.272	 7.236	 6.135	 7.298	 6.235	 6.833	 6.043	 4.76	 6.494	 6.741	 4.763	 6.931	 5.845	 5.104	 6.757	 5.484	 5.428	 6.707	 5.883	 6.986	 5.857	 7.354	 7.1	 6.84	 5.736	 4.77	 6.263	 7.195	 5.617	 7.351	 6.063	 7.361	 5.202	 6.94	 6.279	 6.548	 5.953	 6.293	 4.516	 4.932	 4.858	 5.603	 5.84	 6.962	 5.059	 6.832	 5.465	 5.886	 7.05	 4.533	 5.323	 7.128	 6.398	 5.908	 7.267	 7.693	 7.123	 4.736	 5.436	 7.474	 5.201	 6.445	 6.491	 6.08	 6.607	 7.289	 6.918	 5.586	 7.157	 4.676	 6.663	 5.758	 5.694	 6.492	 5.904	 6.999	 5.942	 6.074	 5.41	 6.703	 5.553	 7.427	 5.695	 5.406	 6.843	 6.028	 6.481	 6.079	 6.065	 7.525	 6.589	 6.802	 6.479	 5.975	 4.881	 7.548	 5.117	 6.008	 6.403	 5.307	 5.281	 5.383	 8.044	 6.555	 6.097	 5.324	 6.163	 5.567	 7.041	 6.08	 7.031	 5.305	 7.658	 7.625	 5.369	 5.866	 5.768	 6.852	 6.586	 5.776	 6.173	 5.707	 5.444	 5.029	 4.819	 5.04	 6.362	 5.665	 7.222	 5.932	 6.395	 5.619	 6.347	 6.158	 5.331	 6.256	 6.147	 4.787	 5.442	 6.678	 5.161	 4.944	 4.961	 5.943	 5.968	 7.789	 6.751	 6.511	 7.265	 6.096	 7.022	 6.473	 5.875	 6.136	 5.399	 6.397	 6.667	 7.04	 5.962	 6.222	 6.977	 6.329	 6.429	 8.204	 6.514	 6.237	 7.816	 6.086	 6.886	 4.749	 5.099	 5.572	 5.742	 5.405	 5.601	 6.298	 6.396	 8.177	 5.616	 4.722	 4.908	 6.877	 5.058	 5.915	 6.863	 5.726	 5.29	 5.96	 5.587	 4.883	 5.746	 7.65	 5.543	 5.353	 6.655	 5.061	 6.638	 6.935	 5.252	 5.273	 6.113	 5.939	 6.077	 6.345	 6.775	 4.846	 4.188	 4.354	 5.883	 5.996	 7.097	 6.499	 6.826	 5.815	 7.519	 5.381	 6.476	 6.331	 6.926	 6.858	 5.858	 7.889	 6.312	 6.013	 4.497	 6.406	 6.186	 6.159	 6.428	 7.699	 7.836	 6.03	 4.878	 5.177	 7.67	 5.456	 5.227	 7.873	 6.378	 5.003	 4.871	 5.689	 5.861	 5.88	 5.431	 7.169	 6.966	 5.742	 6.544	 5.808	 6.847	 5.768	 5.526	 7.222	 7.404	 7.031	 6.033	 6.022	 6.021	 6.644	 7.703	 7.286	 4.516	 6.414	 5.366	 6.597	 5.483	 7.887	 5.56	 6.65	 5.486	 7.614	 6.068	 6.876	 5.043	 5.258	 5.416	 5.879	 5.776	 7.112
1784484492	 6.396	 7.252	 4.555	 5.603	 7.935	 6.012	 5.395	 8.231	 5.98	 6.205	 4.79	 6.067	 6.405	 5.705	 5.235	 7.147	 6.317	 5.174	 6.605	 6.568	 5.658	 6.08	 5.363	 8.635	 6.577	 6.207	 6.314	 7.374	 6.145	 5.663	 7.454	 5.528	 7.484	 7.872	 4.815	 7.569	 5.552	 6.035	 4.903	 6.8	 5.937	 5.534	 6.691	 5.057	 4.861	 4.268	 6.251	 6.3	 5.025	 7.067	 5.312	 6.745	 7.572	 5.593	 5.506	 6.376	 5.039	 6.742	 5.572	 6.807	 7.033	 4.782	 5.677	 6.549	 6.286	 6.04	 6.407	 5.819	 7.02	 8.713	 6.818	 5.965	 6.633	 4.852	 6.956	 5.804	 6.009	 7.504	 6.563	 6.531	 6.448	 6.527	 4.886	 5.659	 5.919	 7.724	 7.055	 5.359	 5.648	 6.224	 5.516	 5.321	 6.142	 6.9	 7.966	 6.632	 6.365	 6.762	 5.836	 7.115	 5.259	 6.909	 6.389	 5.253	 6.089	 5.729	 6.043	 4.55	 6.031	 5.741	 5.224	 6.099	 6.212	 6.623	 8.004	 5.393	 6.794	 6.056	 6.423	 4.666	 6.087	 6.587	 6.47	 4.514	 6.69	 6.113	 6.869	 7.302	 5.447	 5.953	 5.845	 6.58	 6.79	 6.014	 6.877	 6.74	 6.002	 6.337	 5.771	 5.055	 6.161	 6.671	 5.92	 6.706	 5.125	 4.993	 4.572	 5.413	 6.692	 5.708	 6.654	 6.41	 7.03	 6.966	 5.737	 6.389	 6.61	 6.348	 4.982	 7.194	 5.014	 6.66	 6.019	 6.202	 7.063	 5.181	 6.73	 6.594	 4.715	 7.019	 7.124	 6.225	 5.987	 4.54	 8.889	 5.266	 5.963	 4.927	 6.16	 5.03	 6.672	 7.136	 4.753	 4.979	 4.336	 5.004	 5.731	 6.121	 7.521	 7.178	 7.91	 6.36	 5.756	 5.573	 7.242	 5.391	 5.888	 6.723	 6.57	 6.434	 5.711	 5.892	 5.379	 5.503	 6.417	 4.58	 7.735	 6.748	 7.899	 6.737	 4.065	 6.131	 5.63	 6.117	 4.767	 7.543	 6.941	 7.434	 5.536	 6.519	 6.316	 5.499	 7.126	 5.55	 6.492	 6.118	 6.565	 6.569	 5.152	 5.563	 6.572	 6.9	 5.301	 7.776	 7.094	 6.8	 5.244	 5.084	 6.284	 5.404	 5.343	 6.248	 6.121	 4.26	 4.666	 6.749	 4.921	 5.193	 5.438	 6.276	 5.185	 6.612	 5.667	 5.694	 7.071	 5.293	 5.312	 4.848	 6.287	 6.912	 6.74	 6.134	 6.459	 7.787	 7.12	 8.157	 5.775	 7.069	 5.161	 7.198	 5.087	 7.273	 6.965	 4.336	 6.693	 6.315	 6.904	 6.885	 5.864	 6.17	 5.587	 4.22	 5.546	 6.619
74243042	 7.791	 6.34	 4.479	 4.861	 8.922	 6.42	 6.088	 7.962	 5.303	 6.899	 6.543	 4.789	 7.234	 4.874	 5.548	 7.465	 5.231	 5.154	 6.391	 6.009	 6.218	 6.438	 6.7	 7.305	 6.383	 6.714	 6.682	 7.722	 6.193	 5.317	 6.928	 7.421	 6.447	 7.288	 6.895	 5.842	 4.684	 7.094	 6.659	 6.704	 6.042	 5.528	 5.123	 5.498	 4.574	 4.804	 6.206	 5.889	 5.232	 5.903	 5.846	 6.556	 5.134	 6.273	 6.385	 6.071	 5.923	 7.047	 6.358	 7.601	 5.408	 4.887	 6.878	 7.878	 4.477	 5.216	 7.012	 5.745	 6.41	 7.321	 7.567	 7.231	 6.296	 5.462	 7.078	 4.718	 6.473	 8.12	 5.974	 5.91	 6.51	 6.219	 4.837	 5.306	 5.771	 7.335	 6.943	 4.971	 6.065	 6.624	 6.58	 5.456	 6.73	 6.212	 7.213	 6.852	 6.357	 4.683	 5.479	 5.594	 7.106	 5.463	 5.988	 5.353	 6.298	 5.898	 6.955	 5.298	 5.847	 5.41	 6.27	 5.129	 6.044	 7.284	 7.055	 6.315	 7.413	 7.19	 6.716	 5.901	 4.956	 6.91	 5.488	 6.558	 5.211	 5.586	 6.374	 6.154	 5.486	 5.882	 6.915	 6.784	 6.311	 6.256	 7.532	 7.267	 5.233	 6.883	 6.723	 5.054	 5.974	 6.177	 6.265	 8.174	 5.287	 4.869	 4.551	 7.058	 5.572	 7.458	 6.155	 7.427	 5.914	 6.05	 7.114	 6.254	 6.013	 4.851	 5.502	 5.869	 5.671	 6.603	 5.945	 5.441	 6.655	 5.767	 5.661	 6.536	 5.481	 5.136	 7.702	 5.559	 6.346	 6.318	 6.05	 4.811	 5.763	 5.865	 5.516	 7.538	 6.306	 6.946	 6.439	 4.836	 5.202	 5.17	 5.129	 4.301	 6.355	 6.719	 6.76	 6.521	 6.627	 4.658	 4.705	 7.335	 6.12	 6.075	 7.469	 5.911	 4.692	 6.71	 5.731	 6.182	 5.377	 5.049	 6.912	 6.31	 6.665	 6.548	 5.122	 6.211	 6.889	 5.918	 6.078	 5.224	 6.49	 6.986	 6.536	 5.82	 7.006	 5.35	 6.126	 7.474	 6.449	 4.993	 5.745	 6.48	 4.359	 5.99	 7.563	 6.096	 7.996	 7.547	 5.843	 6.914	 7.155	 5.371	 7.262	 6.062	 5.811	 5.077	 6.663	 5.5	 5.468	 6.065	 5.333	 4.616	 5.169	 6.144	 6.606	 6.795	 5.761	 5.615	 6.924	 4.262	 5.884	 6.756	 7.033	 6.763	 6.614	 7.38	 6.505	 7.631	 7.563	 6.423	 5.286	 5.539	 5.758	 5.525	 5.536	 6.719	 6.291	 6.369	 5.852	 5.906	 6.495	 7.607	 6.659	 5.747	 4.55	 5.635	 5.801	 6.041
114807987	 6.691	 5.057	 5.266	 5.002	 7.232	 7.075	 6.409	 8.79	 4.464	 4.69	 6.575	 7.155	 5.484	 5.528	 4.542	 5.391	 7.437	 5.717	 7.316	 5.903	 6.839	 5.111	 6.938	 7.289	 6.1	 6.045	 7.077	 5.717	 5.938	 5.493	 6.478	 6.04	 7.532	 7.106	 4.85	 6.231	 5.558	 5.879	 7.299	 8.165	 6.112	 6.343	 4.522	 5.296	 4.811	 5.282	 5.851	 7.903	 4.119	 4.738	 5.595	 6.142	 7.634	 5.154	 5.276	 6.367	 6.003	 6.271	 6.291	 6.273	 6.557	 5.314	 6.328	 8.047	 5.086	 6.133	 5.588	 5.783	 7.994	 7.754	 7.063	 6.131	 5.547	 5.808	 6.829	 5.661	 6.004	 8.876	 6.68	 6.1	 6.349	 6.307	 4.711	 6.524	 7.993	 6.761	 6.621	 6.586	 6.47	 5.398	 6.368	 5.336	 6.426	 7.862	 7.65	 6.716	 5.562	 7.864	 4.723	 6.052	 6.145	 6.536	 6.505	 6.4	 5.202	 5.366	 6.266	 5.505	 5.815	 6.472	 6.404	 6.637	 6.545	 7.408	 6.436	 5.176	 7.461	 6.358	 5.474	 5.444	 6.799	 6.227	 6.391	 7.741	 6.443	 5.593	 6.28	 6.678	 4.373	 6.747	 4.858	 5.352	 7.797	 4.573	 7.896	 5.643	 6.164	 7.425	 5.222	 5.678	 7.986	 6.141	 6.837	 6.461	 5.404	 6.758	 5.202	 5.496	 6.685	 5.736	 6.098	 5.115	 6.278	 5.91	 6.557	 6.661	 6.226	 5.72	 4.865	 6.946	 7.126	 7.083	 4.881	 6.211	 6.849	 4.826	 5.47	 7.732	 5.044	 4.765	 7.307	 6.322	 6.603	 5.831	 6.173	 5.968	 6.504	 5.391	 5.845	 7.327	 6.557	 8.193	 5.868	 5.154	 4.515	 5.425	 4.866	 4.11	 5.767	 5.766	 5.746	 6.961	 5.384	 5.586	 5.821	 7.381	 5.65	 7.347	 6.345	 5.176	 5.642	 7.654	 6.197	 5.577	 4.9	 7.206	 5.171	 4.96	 6.256	 6.277	 4.505	 5.311	 7.184	 5.578	 6.604	 7.409	 7.542	 6.89	 7.137	 7.398	 6.316	 5.192	 7.772	 6.435	 5.878	 6.062	 5.431	 5.449	 4.458	 5.42	 5.746	 5.604	 6.626	 7.064	 6.059	 7.902	 5.164	 6.234	 6.157	 6.139	 6.436	 6.821	 7.848	 4.803	 5.662	 6.01	 5.138	 4.89	 5.924	 7.058	 7.293	 7.737	 6.038	 6.243	 7.381	 5.408	 5.44	 6.934	 6.74	 7.217	 7.1	 5.595	 7.397	 6.661	 7.216	 7.012	 5.481	 7.107	 6.643	 6.849	 4.567	 6.352	 5.403	 5.907	 5.92	 6.788	 6.591	 7.419	 5.701	 5.119	 7.096	 5.608	 6.301	 7.577
1137522503	 6.413	 6.706	 5.52	 5.836	 6.894	 5.479	 5.819	 7.753	 5.9	 5.734	 6.916	 5.018	 7.332	 5.282	 5.125	 5.76	 6.555	 5.17	 6.983	 5.489	 5.669	 6.836	 5.299	 7.267	 6.498	 6.166	 5.751	 5.999	 6.024	 6.547	 7.443	 6.644	 7.096	 8.195	 6.491	 4.216	 4.495	 6.61	 7.659	 7.643	 5.528	 5.919	 5.564	 6.36	 4.376	 5.551	 5.022	 7.384	 4.597	 5.738	 5.171	 7.102	 5.501	 5.584	 6.048	 6.411	 5.847	 6.692	 6.769	 7.374	 6.801	 5.6	 7.142	 6.131	 5.908	 4.347	 6.806	 6.447	 8.636	 5.765	 5.005	 6.742	 5.694	 6.826	 5.493	 6.442	 5.986	 7.175	 7.106	 7.009	 6.136	 6.613	 4.776	 6.377	 5.506	 6.977	 6.48	 4.753	 5.604	 5.059	 6.758	 6.576	 7.287	 7.162	 7.586	 6.094	 7.773	 6.35	 5.748	 7.793	 5.785	 5.613	 6.389	 6.344	 5.249	 5.66	 7.587	 5.757	 6.097	 6.023	 6.358	 5.837	 6.274	 6.484	 8.079	 4.26	 7.035	 6.557	 5.966	 6.407	 5.729	 6.719	 6.481	 7.011	 6.18	 4.749	 5.953	 4.698	 4.503	 6.913	 5.798	 6.533	 6.131	 6.101	 7.039	 7.174	 5.119	 6.231	 5.208	 6.04	 5.424	 5.751	 7.572	 7.031	 5.389	 5.823	 4.393	 6.784	 5.594	 6.172	 8.212	 5.873	 6.566	 6.643	 6.341	 7.276	 5.824	 4.978	 6.395	 5.142	 5.772	 7.848	 5.026	 4.817	 6.473	 6.298	 6.324	 7.257	 7.252	 6.75	 6.73	 6.469	 6.91	 5.525	 6.805	 6.849	 4.985	 5.404	 5.504	 7.167	 6.252	 7.278	 5.226	 4.494	 5.006	 5.724	 4.632	 5.318	 7.223	 7.22	 5.945	 7.456	 5.911	 5.391	 6.515	 6.279	 4.891	 6.039	 5.564	 5.515	 5.636	 6.433	 5.945	 4.698	 6.402	 6.844	 7.325	 5.905	 7.174	 7.278	 4.549	 6.086	 6.675	 4.744	 4.548	 5.729	 7.321	 6.341	 6.109	 6.105	 7.272	 6.008	 8.629	 5.825	 7.608	 7.928	 6.951	 5.553	 4.662	 5.733	 6	 6.573	 6.425	 7.581	 6.958	 7.013	 5.744	 6.638	 7.258	 6.161	 6.192	 5.323	 6.563	 6.055	 5.842	 6.363	 4.736	 5.426	 5.99	 7.269	 8.261	 4.928	 5.601	 5.458	 6.75	 4.929	 5.821	 6.25	 7.233	 6.995	 5.331	 4.817	 6.725	 7.545	 5.378	 6.38	 7.107	 6.021	 5	 6.805	 6.493	 6.781	 6.707	 6.108	 6.763	 5.965	 7.014	 6.314	 6.861	 6.508	 6.494	 4.701	 6.681	 7.019
1441282327	 5.7	 6.431	 4.861	 6.043	 6.487	 6.323	 5.322	 7.51	 5.38	 6.762	 7.178	 6.015	 7.077	 4.861	 5.365	 4.887	 5.812	 6.469	 6.996	 6.139	 5.158	 6.669	 6.068	 7.617	 7.576	 5.928	 6.337	 6.419	 5.471	 5.294	 7.139	 5.776	 6.215	 8.261	 6.912	 5.832	 5.624	 5.337	 5.924	 5.667	 6.109	 5.712	 5.467	 4.932	 4.667	 4.84	 5.703	 6.87	 4.822	 6.113	 5.74	 6.734	 5.078	 5.64	 5.522	 6.215	 6.207	 7.15	 4.829	 6.416	 7.303	 4.835	 7.089	 6.876	 4.949	 7.956	 5.282	 6.086	 7.169	 7.257	 5.489	 6.673	 7.204	 6.201	 6.617	 5.14	 6.647	 7.026	 7.093	 4.784	 6.145	 6.381	 5.244	 6.071	 6.317	 6.133	 7.022	 5.687	 5.867	 6.874	 5.662	 6.436	 6.562	 7.057	 7.963	 7.063	 7.324	 5.613	 5.077	 7.48	 4.716	 5.099	 6.197	 6.427	 6.841	 5.781	 7.046	 5.857	 4.79	 5.64	 6.451	 5.869	 6.746	 4.863	 6.597	 4.767	 7.784	 6.827	 5.304	 4.99	 4.59	 6.646	 6.404	 6.795	 6.458	 6.113	 5.911	 5.919	 5.399	 7.556	 5.948	 8.186	 5.742	 6.563	 7.594	 7.515	 5.754	 5.957	 5.333	 6.511	 6.326	 4.281	 7.422	 6.418	 5.575	 5.062	 5.054	 4.708	 6.2	 6.259	 6.005	 6.804	 7.673	 4.925	 5.832	 7.094	 5.638	 5.438	 4.656	 7.071	 4.918	 6.954	 5.757	 6.059	 6.215	 5.301	 4.747	 6.089	 6.016	 6.099	 8.268	 5.465	 6.833	 5.62	 8.062	 5.052	 6.829	 5.787	 5.328	 4.986	 5.741	 6.47	 6.123	 5.388	 4.772	 5.243	 5.661	 5.331	 6.337	 6.823	 6.518	 6.947	 6.046	 5.758	 5.993	 8.072	 5.828	 6.576	 6.781	 6.633	 7.318	 5.391	 4.117	 4.339	 6.724	 5.026	 6.502	 7.085	 6.841	 6.255	 5.129	 4.592	 6.193	 6.374	 6.962	 5.662	 5.769	 6.435	 5.393	 5.284	 6.83	 5.987	 6.876	 6.369	 8.043	 7.524	 4.339	 6.098	 4.57	 6.501	 6.935	 6.262	 6.251	 5.652	 6.607	 7.015	 5.987	 5.442	 5.797	 5.423	 7.223	 5.686	 6.655	 5.611	 4.931	 6.302	 5.318	 5.943	 5.652	 6.48	 6.578	 7.487	 4.421	 5.337	 5.635	 5.279	 5.139	 7.056	 7.685	 5.985	 7.061	 6.394	 6.446	 6.636	 7.302	 6.622	 6.226	 6.204	 5.573	 7.887	 4.799	 8.383	 7.45	 6.648	 7.706	 5.27	 6.032	 7.613	 6.768	 6.718	 6.268	 5.321	 5.908	 8.149
16531729	 6.594	 5.831	 4.687	 5.108	 6.527	 6.777	 7.263	 8.999	 4.826	 5.081	 6.054	 4.86	 6.87	 5.743	 4.953	 6.701	 6.708	 5.963	 5.106	 5.781	 5.735	 6.638	 5.928	 7.416	 6.982	 6.245	 7.496	 5.627	 5.677	 6.27	 7.003	 5.546	 7.042	 7.827	 5.274	 6.522	 3.853	 6.877	 6.384	 6.377	 5.122	 7.054	 4.969	 6.215	 4.655	 4.894	 5.37	 6.574	 5.107	 6.368	 5.235	 7.59	 6.839	 6.318	 6.356	 5.228	 6.759	 5.691	 6.866	 7.108	 5.921	 4.667	 6.549	 6.355	 4.717	 5.289	 6.831	 6.003	 7.411	 7.053	 5.108	 6.608	 7.207	 6.053	 7.097	 6.54	 6.213	 6.32	 7.222	 7.567	 6.002	 5.858	 5.476	 6.821	 7.885	 6.128	 6.452	 6.492	 6.221	 6.312	 6.3	 5.94	 6.098	 6.597	 7.143	 8.041	 5.409	 5.817	 6.559	 7.475	 5.85	 6.161	 6.22	 5.533	 6.984	 5.864	 5.834	 5.495	 6.973	 4.793	 4.666	 6.72	 6.937	 6.049	 5.78	 5.016	 7.395	 6.871	 4.578	 4.747	 5.665	 6.868	 5.346	 6.947	 4	 5.134	 5.886	 5.842	 5.449	 6.092	 5.682	 6.474	 5.004	 5.605	 6.86	 6.359	 6.331	 5.575	 5.87	 6.473	 6.834	 5.614	 6.674	 8.286	 5.259	 5.02	 5.261	 6.131	 5.946	 6.13	 6.031	 6.088	 6.528	 5.506	 5.684	 7.123	 6.45	 5.993	 6.058	 6.791	 5.911	 6.454	 6.262	 5.139	 8.582	 5.565	 5.539	 7.289	 5.716	 6.738	 8.921	 6.062	 7.06	 4.637	 5.237	 4.715	 5.317	 5.943	 5.598	 5.071	 6.174	 5.83	 6.389	 5.836	 5.248	 5.599	 5.091	 5.22	 5.692	 6.509	 5.497	 5.446	 6.776	 6.366	 6.59	 5.352	 5.184	 5.295	 7.231	 6.416	 6.503	 6.76	 5.179	 6.093	 5.722	 6.307	 6.468	 7.251	 6.94	 6.459	 4.917	 6.385	 5.988	 6.707	 5.36	 6.231	 7.045	 7.045	 5.577	 6.791	 7.647	 5.627	 6.369	 5.798	 7.552	 6.292	 7.871	 6.258	 4.597	 5.451	 6.065	 5.856	 7.11	 5.951	 6.255	 7.395	 5.39	 6.467	 7.352	 5.984	 5.905	 5.544	 7.291	 6.946	 4.417	 5.913	 4.444	 5.235	 4.647	 5.869	 5.992	 6.651	 6.83	 5.627	 6.587	 5.843	 4.715	 5.196	 6.631	 5.447	 6.788	 5.178	 6.126	 7.598	 7.889	 7.056	 6.145	 5.482	 6.469	 6.224	 4.518	 6.843	 6.462	 4.919	 8.13	 5.432	 6.978	 6.99	 5.658	 6.518	 5.737	 5.745	 7.408	 6.476
823378840	 7.041	 8.237	 5.101	 6.323	 6.969	 7.689	 6.951	 6.715	 5.281	 7.341	 6.379	 5.593	 6.607	 4.476	 4.065	 5.343	 5.987	 4.537	 6.641	 4.169	 5.037	 6.621	 6.65	 6.987	 7.298	 5.768	 7.952	 5.999	 5.379	 6.489	 6.84	 6.357	 6.475	 8.108	 5.197	 5.8	 4.618	 6.095	 7.267	 4.775	 4.925	 6.081	 6.223	 5.073	 5.002	 5.188	 5.664	 6.533	 4.651	 5.838	 4.395	 6.345	 7.272	 4.796	 4.443	 6.414	 6.486	 7.467	 6.25	 5.905	 7.473	 4.602	 6.285	 8.297	 5.63	 6.127	 6.737	 5.344	 7.576	 8.168	 7.125	 7.06	 6.53	 5.488	 6.464	 5.825	 5.299	 5.819	 5.809	 7.291	 6.865	 5.035	 5.576	 4.427	 5.777	 6.953	 6.864	 7.071	 6.546	 6.149	 4.146	 5.875	 7.103	 6.338	 8.193	 6.248	 6.195	 6.723	 5.425	 5.459	 5.218	 7.11	 6.606	 5.072	 6.324	 5.435	 6.243	 4.842	 7.102	 5.108	 5.459	 6.561	 7.188	 5.503	 6.661	 3.589	 8.656	 6.464	 5.337	 6.431	 5.872	 5.231	 6.161	 5.694	 5.979	 5.957	 6.216	 5.887	 5.955	 6.205	 5.813	 7.109	 6.914	 5.907	 7.339	 6.84	 5.998	 6.255	 4.672	 5.68	 6.239	 5.323	 6.046	 6.627	 6.467	 5.77	 4.725	 6.178	 6.946	 5.972	 7.56	 5.619	 8.58	 6.143	 6.313	 5.704	 6.784	 5.422	 6.176	 6.95	 6.283	 6.099	 6.613	 4.657	 6.329	 6.549	 5.048	 6.776	 6.679	 4.928	 8.882	 6.056	 5.559	 4.417	 4.911	 4.789	 4.911	 4.84	 6.011	 5.829	 5.625	 6.589	 5.212	 5.178	 4.933	 5.098	 4.878	 4.866	 6.787	 6.129	 6.967	 6.177	 6.758	 4.881	 5.193	 5.171	 7.261	 7.625	 6.403	 5.917	 5.906	 6.71	 5.008	 5.889	 6.407	 5.578	 6.56	 6.636	 7.254	 6.726	 3.842	 5.368	 6.628	 5.152	 7.271	 6.241	 5.903	 6.976	 5.805	 5.97	 7.016	 5.352	 6.833	 6.052	 7.614	 6.986	 6.369	 5.579	 4.579	 7.204	 6.654	 5.606	 6.115	 7.386	 5.647	 7.397	 5.664	 6.192	 5.609	 6.786	 6.149	 6.673	 6.658	 6.406	 4.216	 5.884	 5.1	 4.386	 6.068	 7.093	 6.999	 6.308	 6.539	 5.505	 8.001	 5.514	 5.371	 6.439	 7.161	 6.209	 6.86	 5.481	 4.865	 7.483	 7.257	 6.549	 6.9	 6.4	 5.64	 5.485	 4.17	 8.688	 5.014	 7.261	 6.358	 6.275	 6.831	 6.726	 6.001	 6.768	 6.793	 5.161	 6.639	 7.552
143542612	 5.928	 6.903	 5.145	 7.04	 7.128	 6.343	 7.322	 8.21	 6.075	 5.466	 6.697	 6.393	 7.071	 5.522	 5.904	 5.872	 6.957	 4.544	 6.21	 6.415	 5.638	 7.356	 6.786	 7.663	 6.806	 6.243	 6.548	 7.451	 5.607	 6.297	 7.258	 7.158	 6.506	 7.139	 6.974	 6.072	 5.593	 6.167	 6.685	 7.556	 6.001	 5.594	 4.76	 5.424	 4.971	 5.693	 5.924	 6.676	 5.301	 6.363	 5.249	 5.566	 5.447	 6.283	 6.359	 5.631	 6.248	 7.428	 5.051	 7.353	 6.946	 5.073	 7.442	 7.177	 6.292	 6.584	 7.353	 6.001	 8.09	 7.241	 7.259	 7.153	 6.777	 4.728	 6.641	 5.364	 6.856	 7.705	 7.523	 5.134	 6.398	 5.131	 5.919	 7.022	 6.876	 6.099	 5.079	 5.46	 5.466	 6.891	 6.04	 5.433	 7.081	 7.625	 8.876	 7.316	 6.114	 5.526	 6.263	 6.63	 4.536	 6.407	 6.708	 5.823	 5.803	 5.806	 5.86	 6.137	 6.615	 5.728	 6.704	 5.713	 6.255	 6.121	 7.53	 4.344	 7.629	 6.336	 5.708	 4.829	 5.801	 7.055	 6.366	 6.758	 4.518	 6.452	 6.67	 6.727	 5.512	 5.227	 7.41	 7.569	 6.145	 5.304	 6.355	 6.278	 5.132	 5.386	 5.805	 5.37	 6.948	 6.774	 7.169	 7.984	 5.507	 5.467	 6.067	 6.026	 7.93	 6.758	 6.14	 5.801	 6.953	 5.605	 6.261	 6.016	 6.248	 6.017	 5.091	 7.891	 6.078	 6.067	 6.648	 5.478	 7.559	 6.067	 6.048	 7.455	 5.993	 6.67	 7.594	 7.011	 6.9	 6.101	 6.419	 4.318	 4.749	 5.203	 5.872	 5.956	 4.794	 7.024	 5.414	 4.566	 4.634	 4.98	 5.381	 5.067	 5.603	 7.208	 4.823	 5.943	 5.905	 5.965	 5.818	 6.904	 6.992	 5.663	 6.567	 5.46	 5.158	 7.355	 5.404	 6.216	 6.954	 6.519	 5.556	 6.493	 7.417	 5.81	 4.477	 6.137	 5.875	 5.216	 6.666	 7.377	 6.992	 7.117	 6.458	 5.768	 6.93	 5.315	 8.12	 7.055	 7.073	 6.055	 6.962	 6.751	 4.773	 5.29	 5.561	 5.696	 7.834	 6.489	 6.314	 6.534	 4.682	 7.276	 5.971	 5.651	 5.876	 6.6	 6.438	 5.475	 5.458	 6.837	 4.903	 5.166	 4.052	 7.268	 4.97	 6.951	 5.91	 6.547	 6.198	 4.947	 5.575	 7.26	 5.79	 6.841	 5.624	 7.26	 7.673	 6.883	 6.618	 7.424	 6.051	 5.329	 5.458	 7.43	 5.891	 6.741	 4.9	 6.729	 4.974	 6.051	 5.589	 6.73	 5.471	 4.674	 4.92	 5.595	 6.429	 6.324
896544303	 5.496	 6.02	 5.179	 6.261	 7.051	 6.744	 7.427	 8.405	 4.927	 4.919	 6.332	 6.155	 6.417	 5.213	 5.163	 6.744	 4.713	 6.305	 7.043	 5.425	 6.474	 7.171	 5.953	 6.038	 7.621	 5.199	 8.333	 6.81	 6.449	 5.532	 7.379	 5.412	 6.458	 7.545	 5.29	 5.201	 5.327	 5.308	 6.698	 5.374	 5.138	 5.2	 6.167	 5.614	 5.399	 4.91	 5.086	 7.627	 4.993	 5.989	 5.394	 6.81	 6.418	 4.962	 5.022	 5.684	 6.664	 6.87	 6.603	 5.098	 6.716	 3.98	 5.903	 7.847	 4.052	 6.231	 7.205	 6.632	 7.772	 6.405	 7.057	 8.228	 6.224	 5.562	 6.444	 6.608	 5.683	 7.879	 6.857	 7.748	 6.046	 5.689	 6.411	 6.481	 6.073	 7.299	 5.92	 5.475	 7.116	 4.894	 4.847	 4.406	 7.021	 6.952	 7.151	 6.729	 6.761	 6.485	 6.149	 5.593	 4.957	 5.103	 6.019	 5.005	 5.898	 6.225	 6.759	 4.711	 6.699	 4.777	 5.023	 6.596	 6.084	 5.569	 7	 5.299	 7.406	 6.175	 5.259	 5.513	 5.758	 5.246	 4.758	 7.157	 4.938	 6.192	 6.35	 5.029	 6.118	 5.753	 6.872	 4.631	 8.037	 6.09	 7.225	 6.331	 7.158	 7.222	 4.662	 5.238	 5.395	 5.167	 5.82	 6.197	 4.788	 5.751	 5.127	 5.371	 6.122	 6.079	 5.721	 7.523	 7.928	 6.727	 6.836	 6.609	 5.915	 6.712	 5.247	 7.038	 5.15	 6.238	 7.024	 5.001	 7.372	 6.789	 5.608	 8.283	 5.633	 5.252	 6.872	 6.146	 5.366	 4.754	 7.272	 4.357	 6.784	 5.442	 5.439	 6.353	 7.359	 6.021	 5.069	 5.518	 4.29	 5.821	 4.988	 5.22	 5.8	 7.067	 5.628	 5.577	 6.191	 4.994	 6.166	 7.062	 6.185	 7.344	 6.772	 6.758	 5.624	 6.436	 4.643	 5.78	 6.251	 6.023	 7.308	 4.942	 6.553	 6.115	 4.808	 4.499	 5.162	 6.338	 5.632	 7.844	 5.723	 7.524	 6.175	 6.097	 6.952	 6.46	 6.676	 7.237	 6.223	 6.526	 6.314	 5.056	 5.55	 4.926	 4.9	 5.913	 6.451	 7.525	 7.374	 6.127	 6.54	 6.7	 6.031	 5.28	 6.082	 6.415	 5.194	 5.003	 5.021	 6.907	 4.976	 5.097	 5.356	 7.174	 5.888	 7.065	 4.967	 6.669	 6.798	 5.787	 5.201	 7.468	 6.939	 7.202	 6.464	 5.988	 5.373	 6.423	 6.89	 5.327	 7.107	 5.972	 6.477	 6.041	 5.083	 7.92	 4.095	 7.365	 6.982	 6.331	 6.315	 6.913	 6.51	 6.293	 5.244	 5.212	 6.601	 6.208
1474833169	 7.119	 6.736	 5.748	 6.537	 5.492	 7.645	 6.412	 7.962	 5.46	 5.16	 6.663	 7.09	 7.438	 6.043	 4.516	 5.666	 5.586	 6.442	 6.257	 5.607	 6.056	 5.977	 6.276	 6.811	 6.341	 6.262	 7.314	 5.599	 5.657	 6.618	 6.579	 5.735	 6.903	 6.663	 6.78	 6.42	 5.42	 5.715	 6.427	 6.749	 5.201	 6.62	 5.535	 4.886	 4.77	 4.258	 5.361	 5.324	 6.643	 6.344	 4.783	 5.632	 5.985	 5.733	 7.02	 6.564	 5.957	 5.834	 6.713	 6.967	 7.522	 5.024	 5.915	 7.197	 6.628	 4.716	 6.615	 5.654	 7.097	 9.043	 6.368	 6.884	 6.088	 5.789	 6.823	 6.188	 5.828	 7.216	 6.759	 6.127	 5.276	 5.514	 5.428	 4.587	 6.484	 7.078	 6.58	 6.372	 6.014	 6.709	 7.24	 6.524	 6.615	 6.473	 8.611	 6.228	 7.25	 6.072	 4.643	 4.49	 5.08	 5.351	 5.742	 6.01	 6.328	 5.623	 6.45	 5.65	 7.633	 4.957	 5.973	 5.736	 5.564	 6.66	 7.004	 4.19	 6.716	 5.738	 5.272	 6.246	 5.56	 5.513	 6.692	 6.484	 6.545	 5.986	 5.445	 6.511	 6.15	 4.856	 5.719	 6.646	 6.768	 7.107	 7.473	 6.816	 6.466	 6.798	 5.193	 4.877	 5.943	 5.414	 7.296	 5.822	 5.248	 5.574	 4.766	 6.421	 6.048	 7.052	 6.077	 5.389	 6.345	 5.575	 6.485	 7.145	 6.803	 7.317	 5.149	 7.227	 6.556	 5.875	 6.846	 5.97	 6.491	 5.499	 5.313	 7.69	 5.844	 5.553	 6.758	 6.796	 7.618	 5.34	 7.796	 4.859	 5.337	 4.889	 5.837	 5.25	 7.01	 7.876	 5.531	 4.384	 5.53	 6.441	 5.07	 4.725	 6.002	 7.438	 6.773	 5.618	 5.421	 5.113	 5.26	 6.347	 6.611	 6.589	 5.168	 6.331	 6.372	 6.639	 4.847	 4.986	 5.263	 5.757	 6.02	 7.151	 7.5	 7.262	 5.052	 5.475	 5.667	 7.05	 4.943	 6.725	 4.78	 7.302	 7.282	 5.754	 6.239	 6.615	 7.517	 6.552	 5.959	 7.371	 6.156	 5.283	 4.572	 5.775	 5.484	 5.472	 5.708	 6.68	 6.058	 6.424	 5.257	 7.032	 6.87	 4.836	 6.5	 5.475	 6.563	 5.473	 6.068	 6.006	 5.492	 5.61	 4.372	 6.134	 5.123	 7.522	 7.157	 4.862	 6.396	 5.18	 5.09	 5.567	 6.109	 6.056	 7.348	 6.591	 6.252	 6.891	 5.957	 6.77	 5.22	 7.574	 6.747	 5.571	 4.827	 8.171	 5.569	 5.876	 6.379	 6.664	 5.887	 7.398	 4.814	 6.628	 6.019	 5.901	 6.788	 5.673
1264817709	 7.804	 6.36	 4.535	 6.862	 6.839	 6.316	 6.438	 7.648	 6.015	 6.667	 7.248	 7.104	 5.742	 5.101	 4.491	 5.814	 6.294	 6.859	 6.234	 5.089	 6.119	 5.603	 6.39	 6.476	 6.762	 6.569	 6.064	 4.599	 5.618	 5.197	 7.095	 5.446	 5.44	 6.726	 7.12	 6.805	 5.56	 5.44	 6.643	 6.873	 5.85	 5.9	 7.201	 5.541	 4.924	 4.915	 5.887	 6.994	 5.324	 6.691	 4.252	 5.115	 5.435	 5.132	 5.933	 4.992	 5.415	 6.632	 6.061	 6.97	 7.358	 4.98	 5.574	 6.447	 4.592	 6.898	 5.984	 6.868	 7.878	 7.627	 7.177	 6.128	 6.522	 6.278	 7.442	 5.833	 6.857	 6.046	 6.03	 6.211	 6.591	 6.717	 4.986	 6.486	 6.816	 6.202	 6.921	 6.141	 4.959	 4.396	 5.912	 7.296	 7.996	 8.846	 7.643	 4.658	 7.362	 6.156	 6.032	 5.036	 4.953	 6.788	 6.565	 5.685	 6.251	 6.149	 7.268	 4.813	 5.675	 5.612	 5.348	 5.307	 5.588	 6.432	 7.24	 4.728	 7.602	 6.192	 5.634	 6.015	 5.063	 5.868	 6.202	 6.503	 5.63	 5.483	 6.395	 6.297	 5.572	 4.511	 5.666	 7.097	 6.614	 6.295	 7.663	 8.165	 5.22	 6.293	 5.234	 5.546	 7.32	 4.314	 4.572	 5.873	 5.811	 5.562	 3.894	 5.827	 6.049	 6.512	 7.669	 6.555	 6.348	 4.035	 6.927	 5.614	 5.517	 4.626	 5.004	 6.693	 5.977	 7.4	 5.733	 5.303	 8.19	 5.707	 5.529	 7.06	 6.72	 6.087	 8.121	 6.813	 7.114	 4.744	 7.16	 4.906	 5.544	 4.454	 5.842	 7.2	 6.818	 6.334	 5.856	 5.4	 4.246	 5.216	 4.956	 4.207	 5.596	 6.36	 5.649	 6.739	 6.507	 4.803	 4.848	 4.794	 6.296	 5.146	 6.018	 5.455	 6.733	 6.022	 4.85	 6.11	 5.294	 6.71	 7.691	 6.2	 5.798	 6.336	 4.163	 4.763	 7.207	 5.428	 5.576	 5.972	 5.351	 6.885	 7.59	 6.399	 6.372	 4.676	 7.349	 7.118	 5.66	 5.92	 6.294	 4.784	 5.019	 6.042	 5.932	 5.388	 5.646	 7.622	 4.398	 6.725	 6.472	 6.531	 6.582	 6.28	 6.585	 5.845	 6.251	 4.891	 4.414	 5.997	 5.177	 6.023	 6.429	 6.597	 6.677	 6.68	 5.915	 4.889	 6.233	 4.873	 4.937	 7.113	 7.138	 6.539	 6.149	 5.416	 7.292	 6.962	 7.165	 6.658	 6.397	 6.066	 4.945	 7.966	 6.362	 7.753	 5.827	 5.591	 6.896	 5.544	 6.085	 7.551	 7.288	 5.298	 5.753	 6.064	 5.932	 6.496
1998097157	 7.83	 6.477	 6.647	 5.912	 6.743	 5.643	 5.718	 7.518	 4.16	 4.767	 6.081	 7.322	 6.014	 6.097	 5.754	 6.858	 4.681	 4.939	 6.133	 6.563	 5.583	 5.707	 6.203	 6.821	 5.856	 5.83	 6.53	 6.575	 5.587	 5.188	 5.857	 6.953	 5.524	 6.784	 7.082	 5.851	 5.218	 6.457	 7.153	 6.549	 5.91	 6.542	 6.185	 6.147	 5.063	 6.032	 5.735	 6.015	 5.246	 6.406	 4.988	 6.419	 6.282	 6.085	 6.013	 5.78	 5.823	 7.209	 6.485	 7.254	 6.667	 5.54	 7.072	 8.366	 6.316	 5.957	 5.621	 7.102	 7.301	 7.182	 6.465	 7.54	 7.071	 4.741	 7.489	 5.772	 6.13	 8.081	 6.85	 5.135	 6.16	 5.888	 5.952	 6.715	 7.441	 6.902	 8.037	 4.746	 6.717	 5.535	 6.578	 6.157	 6.808	 8.099	 6.855	 7.829	 7.564	 5.639	 4.959	 6.014	 6.334	 6.698	 6.053	 5.566	 6.964	 5.145	 5.272	 4.364	 5.68	 6.692	 5.613	 6.017	 7.283	 6.699	 6.772	 4.745	 7.636	 5.49	 5.144	 5.19	 4.491	 6.293	 5.599	 6.483	 7.423	 5.528	 5.709	 7.459	 5.394	 5.128	 5.732	 6.733	 6.13	 6.619	 6.457	 5.688	 7.359	 6.387	 4.896	 5.807	 5.449	 6.531	 6.973	 6.119	 5.755	 5.157	 5.48	 6.013	 4.537	 6.44	 6.296	 5.936	 5.896	 5.916	 7.063	 7.112	 5.346	 5.84	 5.676	 6.554	 6.106	 7.873	 6.771	 5.188	 7.455	 5.654	 4.994	 8.697	 5.482	 6.147	 6.751	 6.661	 5.399	 4.994	 7.068	 5.816	 6.388	 4.683	 5.081	 4.665	 6.905	 7.115	 5.355	 4.712	 4.097	 6.084	 3.918	 5.169	 7.823	 7.34	 5.518	 5.931	 6.417	 5.058	 6.263	 6.535	 5.494	 6.883	 6.122	 6.779	 6.394	 7.036	 5.355	 5.301	 5.842	 5.592	 6.221	 6.621	 5.929	 6.13	 5.243	 5.675	 4.571	 4.608	 5.81	 7.354	 7.206	 5.51	 5.889	 7.121	 6.759	 5.012	 6.518	 6.94	 6.93	 6.627	 5.361	 6.572	 4.207	 5.039	 7.759	 6.444	 6.594	 6.352	 6.425	 6.917	 4.702	 5.479	 6.149	 6.876	 6.068	 5.859	 6.145	 5.279	 5.44	 6.176	 5.138	 5.086	 6.372	 6.152	 6.118	 6.819	 4.732	 6.608	 6.99	 4.502	 4.808	 6.073	 7.625	 6.745	 6.407	 4.429	 6.05	 5.825	 6.655	 5.592	 7.18	 7.473	 5.67	 6.547	 6.735	 8.581	 5.696	 5.168	 4.099	 6.732	 6.597	 5.746	 5.999	 6.441	 6.284	 5.299	 5.601	 7.123
1817129560	 6.59	 6.222	 6.129	 5.448	 8.09	 6.044	 6.001	 7.799	 5.145	 7.087	 5.668	 6.126	 6.791	 5.655	 5.92	 7.518	 6.359	 6.121	 6.183	 5.861	 6.235	 6.453	 6.149	 7.46	 7.32	 6.633	 6.754	 6.378	 5.815	 4.788	 6.656	 5.885	 5.491	 7.783	 7.108	 5.8	 4.607	 6.865	 6.239	 4.286	 5.289	 6.086	 5.669	 4.486	 5.546	 4.698	 5.955	 6.722	 6.693	 6.018	 5.523	 5.405	 5.48	 4.999	 6.175	 6.338	 6.346	 5.331	 6.352	 6.6	 5.708	 5.439	 5.859	 6.888	 5.711	 6.308	 6.385	 4.992	 6.632	 6.597	 6.151	 6.389	 7.28	 5.93	 5.884	 5.456	 6.443	 7.134	 7.633	 7.709	 6.341	 7.13	 5.612	 6.412	 7.829	 6.198	 4.634	 5.317	 6.289	 5.612	 5.104	 6.009	 7.638	 8.266	 6.33	 7.403	 6.49	 6.993	 5.787	 7.465	 5.57	 6.604	 5.931	 5.536	 5.947	 5.356	 8.497	 5.127	 5.315	 4.747	 5.545	 5.887	 5.506	 5.816	 7.442	 5.799	 6.871	 6.377	 6.055	 5.571	 4.766	 6.617	 7.14	 6.376	 4.528	 5.682	 5.506	 5.304	 4.675	 5.885	 6.446	 5.982	 7.052	 5.729	 5.147	 5.582	 6.008	 5.966	 5.425	 5.255	 6.438	 5.981	 5.511	 6.669	 5.336	 6.365	 5.546	 5.723	 5.358	 7.232	 5.438	 6.855	 6.371	 5.927	 6.04	 7.267	 5.661	 6.486	 4.804	 6.455	 5.755	 6.881	 6.871	 6.467	 5.843	 5.136	 6.789	 7.86	 5.573	 5.537	 8.202	 6.614	 6.007	 4.814	 6.564	 4.772	 5.447	 4.618	 5.764	 7.235	 7.204	 6.45	 5.739	 4.863	 5.183	 5.653	 4.277	 4.922	 5.987	 5.857	 6.356	 6.295	 6.543	 5.865	 5.843	 6.926	 5.967	 6.354	 5.782	 6.158	 4.494	 5.468	 6.365	 5.914	 6.931	 5.138	 6.845	 6.052	 6.69	 6.359	 4.664	 4.614	 6.527	 5.607	 6.574	 6.425	 6.032	 6.678	 6.218	 6.388	 6.542	 5.81	 7.889	 6.005	 6.952	 6.209	 6.405	 6.318	 4.731	 5.201	 6.138	 5.791	 6.831	 7.312	 7.39	 7.787	 6.477	 5.462	 5.729	 5.309	 6.8	 5.807	 6.419	 5.239	 4.843	 5.74	 4.537	 4.925	 5.767	 7.763	 6.756	 5.669	 5.204	 7.06	 7.596	 4.683	 5.022	 4.957	 6.359	 6.781	 6.715	 5.804	 5.748	 6.024	 6.711	 5.313	 4.972	 5.701	 6.994	 6.9	 7.132	 6.852	 6.469	 6.702	 6.029	 5.567	 6.416	 8.339	 5.672	 5.08	 5.65	 4.721	 6.25	 7.082
